{
    "yolov5n.pt": {
        "mAP_0.5": 0.49166592918219526,
        "mAP_0.5:0.95": 0.340682391557545,
        "precision": 0.601539896166791,
        "recall": 0.4517028933253065
    },
    "yolov5s.pt": {
        "mAP_0.5": 0.5943131003603703,
        "mAP_0.5:0.95": 0.42854869676250024,
        "precision": 0.6767665157544973,
        "recall": 0.5480989834045775
    },
    "yolov5m.pt": {
        "mAP_0.5": 0.6550818204442846,
        "mAP_0.5:0.95": 0.48863763060706733,
        "precision": 0.7142082258110469,
        "recall": 0.5973008551532966
    },
    "yolov5l.pt": {
        "mAP_0.5": 0.6874717273826952,
        "mAP_0.5:0.95": 0.522047065325529,
        "precision": 0.7399915184862074,
        "recall": 0.6209031784780686
    },
    "yolov5x.pt": {
        "mAP_0.5": 0.6976114756794601,
        "mAP_0.5:0.95": 0.5323490900774225,
        "precision": 0.7271044974282976,
        "recall": 0.6392217575319308
    },
    "yolov8n.pt": {
        "mAP_0.5": 0.5209006675614178,
        "mAP_0.5:0.95": 0.3710490360787561,
        "precision": 0.6330735610142192,
        "recall": 0.4748024925266751
    },
    "yolov8s.pt": {
        "mAP_0.5": 0.6129887744842026,
        "mAP_0.5:0.95": 0.4474046456423116,
        "precision": 0.6821163150287024,
        "recall": 0.5626103826019551
    },
    "yolov8m.pt": {
        "mAP_0.5": 0.6672641286789949,
        "mAP_0.5:0.95": 0.5012155565625279,
        "precision": 0.7159555114634998,
        "recall": 0.6098227146249926
    },
    "yolov8l.pt": {
        "mAP_0.5": 0.6945830153412395,
        "mAP_0.5:0.95": 0.5294097963197372,
        "precision": 0.7398015079825896,
        "recall": 0.6335934454710763
    },
    "yolov8x.pt": {
        "mAP_0.5": 0.7070324776052701,
        "mAP_0.5:0.95": 0.5400778775792425,
        "precision": 0.7377107938883647,
        "recall": 0.6468225634294134
    },
    "yolo11n.pt": {
        "mAP_0.5": 0.5486766662418431,
        "mAP_0.5:0.95": 0.39188035826090956,
        "precision": 0.6531871901415622,
        "recall": 0.5043934947104955
    },
    "yolo11s.pt": {
        "mAP_0.5": 0.634242126289097,
        "mAP_0.5:0.95": 0.46740894071599415,
        "precision": 0.699790221990573,
        "recall": 0.5766490229590382
    },
    "yolo11m.pt": {
        "mAP_0.5": 0.680419222328271,
        "mAP_0.5:0.95": 0.5139191788769932,
        "precision": 0.7413038515997508,
        "recall": 0.6150208401416686
    },
    "yolo11l.pt": {
        "mAP_0.5": 0.6969954882774236,
        "mAP_0.5:0.95": 0.5325014193176821,
        "precision": 0.7466087019331205,
        "recall": 0.6345292578030922
    },
    "yolo11x.pt": {
        "mAP_0.5": 0.7131034308215038,
        "mAP_0.5:0.95": 0.5472894404743853,
        "precision": 0.7372607489211329,
        "recall": 0.6584202890759047
    }
}